id,wire,pin,net,kind,notes
N01,W1,CN1.3V3,3V3,POWER,3.3 V from the CYD regulator
N02,W1,SENSOR.VCC,3V3,POWER,RCWL-1601 / HC-SR04P runs at 3.3 V
N03,W2,CN1.IO27,TRIG,SIGNAL,10 µs trigger pulse
N04,W2,SENSOR.TRIG,TRIG,SIGNAL,
N05,W3,P3.IO35,ECHO,SIGNAL,"input-only pin; 3.3 V echo, no divider"
N06,W3,SENSOR.ECHO,ECHO,SIGNAL,
N07,W4,CN1.GND,GND,POWER,common ground
N08,W4,SENSOR.GND,GND,POWER,
N09,W5,CN1.IO22,SERVO_PWM,SIGNAL,"50 Hz pulses, 1000–2000 µs"
N10,W5,SERVO.SIGNAL,SERVO_PWM,SIGNAL,orange (or yellow/white) lead
N11,W6,P1.VIN,VIN_5V,POWER,USB 5 V on the board side. VERIFY on your board
N12,W6,SERVO.+5V,VIN_5V,POWER,red lead (middle)
N13,W7,P1.GND,GND,POWER,same copper as CN1.GND
N14,W7,SERVO.GND,GND,POWER,brown (or black) lead
